<?xml version="1.0" encoding="UTF-8"?>
<configuration>

    <!-- Define a pattern for logging -->
    <property name="LOG_PATTERN" value="%d{yyyy-MM-dd HH:mm:ss} [%thread] %-5level %logger{36} - %msg%n"/>

    <!-- Console appender configuration -->
    <appender name="CONSOLE" class="ch.qos.logback.core.ConsoleAppender">
        <encoder>
            <pattern>${LOG_PATTERN}</pattern>
        </encoder>
    </appender>

    <!-- File appender configuration -->
    <appender name="FILE" class="ch.qos.logback.core.rolling.RollingFileAppender">
        <file>E:/Test/Fist.log</file>
        <append>true</append>
        <rollingPolicy class="ch.qos.logback.core.rolling.TimeBasedRollingPolicy">
            <fileNamePattern>E:/Test/Fist-%d{yyyy-MM-dd}.log</fileNamePattern>
            <maxHistory>30</maxHistory>
        </rollingPolicy>
        <encoder>
            <pattern>${LOG_PATTERN}</pattern>
        </encoder>
    </appender>

    <!-- Logger configuration for a specific package -->
    <logger name="com.example" level="DEBUG" additivity="false">
        <appender-ref ref="CONSOLE"/> 
        <appender-ref ref="FILE"/>
    </logger>

    <!-- Root logger configuration -->
    <root level="INFO">
      <appender-ref ref="CONSOLE"/> 
        <appender-ref ref="FILE"/>
    </root>

</configuration>
